﻿{
    "id": "PanDocMarkdownParser",
    "name": "Pandoc Markdown Parser and Pandoc Conversion Launcher (Beta)",
    "summary": "Use the Pandoc Markdown parser in Markdown Monster, and create custom, reusable Pandoc conversion recipies with Pandoc Conversion Launcher.",
    "description": "This addin contains a Pandoc Markdown Parser that plugs into the main Markdown Monster rendering process as the primary rendered.\r\n\r\nNOTE: This addin does not install PanDoc or MikTex. For more info on how to easily install these components with Chocolatey, please see the more info link.\r\n\r\nThe addin also provides a simple registry of Pandoc commands you can create to run common Pandoc conversion for creating output for various formats. Pandoc support includes support for .pdf, .docx, .epub, .odt and many more formats.",
    "version": "0.3.0",
    "minVersion": "1.2.16",
    "author": "© West Wind Technologies, 2017",
    "updated": "2017-7-16T12:00:00Z"
}
